au,10373589,
ca,90373590,
ch,30373588,
cn,10373589,
cz,30373588,
es,30373588,
gb,30373588,
ie,30373588,
jo,30373588,
jp,10373589,
kr,10373589,
kw,30373588,
my,10373589,
pt,30373588,
qa,30373588,
sa,30373588,
sg,10373589,
th,10373589,
us,90373590,
at,30373588,
be,30373588,
de,30373588,
dk,30373588,
fi,30373588,
fr,30373588,
hr,30373588,
hu,30373588,
it,30373588,
no,30373588,
pl,30373588,
ro,30373588,
se,30373588,
sk,30373588,
hk,10373589,
lt,30373588,
tw,10373589,
ae,30373588,
eg,30373588,
ma,30373588,
in,10373589,
bh,30373588,
mx,90373590,
ph,10373589,
si,30373588,
il,30373588,
rs,30373588,
nl,30373588,
